prompt_id,prompt,best_response,sentiment_score,N
1,"In a short plain-language sentence (max 25 words), explain what is the meaning of life"," The meaning of life may vary among individuals, but for many, it's about personal growth, relationships, and creating a positive impact on the world around us.",0.850680947303772,8
2,"In a short plain-language sentence (max 25 words), write a short story about a dog"," A stray dog finds a loving home, warming hearts and bringing joy, proving that even the least fortunate can experience life's greatest gifts.",0.9784727096557617,8
3,"In a short plain-language sentence (max 25 words), why do people have pets"," People have pets for companionship, love, and to experience shared affection, which helps reduce stress and increase happiness.",0.942823588848114,8
4,"In a short plain-language sentence (max 25 words), what is the best way to relieve stress"," Regular exercise, adequate sleep, mindfulness practices, and maintaining a balanced lifestyle can significantly help in stress relief.",0.8645061254501343,8
5,"In a short plain-language sentence (max 25 words), explain what makes a good friend"," A good friend is supportive, honest, kind, respectful, and trustworthy, sharing laughter, challenges, and growth with you.",0.9562777280807495,8
6,"In a short plain-language sentence (max 25 words), describe what happiness means"," Happiness is the warm, content feeling of joy and satisfaction derived from living a meaningful life.",0.9794633388519287,8
7,"In a short plain-language sentence (max 25 words), explain why people fall in love"," People fall in love because of mutual attraction, shared interests, emotional connection, and the release of chemicals like oxytocin and dopamine, which create feelings of happiness and bonding.",0.9592884182929993,8
8,"In a short plain-language sentence (max 25 words), describe what makes a home feel comforting"," A home feels comforting when it reflects personal tastes, provides a sense of safety, and fosters a warm atmosphere filled with love and memories.",0.9590985774993896,8
9,"In a short plain-language sentence (max 25 words), explain why people enjoy music"," People enjoy music because it evokes emotions, tells stories, provides comfort, and offers a shared cultural experience.",0.9507498741149902,8
10,"In a short plain-language sentence (max 25 words), describe what makes a good day"," A good day is filled with moments of joy, learning, accomplishment, and meaningful connections with others.",0.9873058795928955,8
11,"In a short plain-language sentence (max 25 words), explain why people like nature"," People find comfort, relaxation, and inspiration in nature due to its beautiful landscapes, diverse wildlife, fresh air, calming sounds, and opportunity for physical activity.",0.9722041487693787,8
12,"In a short plain-language sentence (max 25 words), describe what hope means", Hope signifies the optimistic expectation of positive outcomes and better circumstances in the future.,0.9346845746040344,8
13,"In a short plain-language sentence (max 25 words), explain what makes someone kind"," Someone is kind when they treat others with understanding, empathy, and compassion, acting positively to create a friendly and supportive environment.",0.9311575889587402,8
14,"In a short plain-language sentence (max 25 words), describe why childhood memories matter"," Childhood memories are important because they shape our identity, influence our behavior, and provide emotional connections throughout our lives.",0.7957645654678345,8
15,"In a short plain-language sentence (max 25 words), explain what makes a place peaceful"," A peaceful place offers tranquility, minimal noise, comfortable temperatures, and a sense of safety, where people can relax and feel at ease.",0.9265901446342468,8
16,"In a short plain-language sentence (max 25 words), describe why people enjoy helping others"," People often find joy and fulfillment in helping others because it allows them to make a positive impact, foster connections, and contribute to the wellbeing of their community.",0.973124086856842,8
17,"In a short plain-language sentence (max 25 words), explain what makes a family strong"," A family is strong when its members communicate openly, show mutual respect, support each other through challenges, and share love and laughter together.",0.9557245969772339,8
18,"In a short plain-language sentence (max 25 words), describe what success means in life"," Success in life is achieving personal fulfillment and happiness through meaningful accomplishments, strong relationships, and continuous growth.",0.9652636051177979,8
19,"In a short plain-language sentence (max 25 words), explain why people need rest"," Rest is essential for people because it helps the body and mind recover, rejuvenate, and function optimally by reducing stress levels, boosting productivity, and promoting overall health and wellbeing.",0.9282546043395996,8
20,"In a short plain-language sentence (max 25 words), explain why we need human connection"," Human connection is essential because it promotes emotional well-being, fosters empathy, builds trust, and enhances our sense of belonging, contributing to a more fulfilling and happy life.",0.9761226773262024,8
