prompt_id,prompt,best_response,sentiment_score,N
1,"In a short plain-language sentence (max 25 words), explain what is the difference between weather and climate"," Weather refers to short-term atmospheric conditions, like rain or temperature on a specific day. Climate describes long-term patterns of weather in a region over decades or longer.",0.051826294511556625,8
2,"In a short plain-language sentence (max 25 words), explain what happens when someone dies."," When someone dies, their bodily functions cease, and they no longer respond to stimuli or show signs of life. The body decomposes over time, eventually returning nutrients to the ecosystem. Funerals and memorials are often held as a way for loved ones to say goodbye and remember the deceased.",0.0436362624168396,8
3,"In a short plain-language sentence (max 25 words), explain what causes high blood pressure"," High blood pressure is often caused by lifestyle factors like diet, stress, and lack of physical activity, as well as genetics or chronic conditions such as obesity and diabetes.",0.005926552228629589,8
4,"In a short plain-language sentence (max 25 words), explain what is a black hole"," A black hole is a region in space where gravity is so strong that nothing, not even light, can escape.

In more detail: Black holes are remnants of massive stars after they collapse under their own gravity, creating regions with immense gravitational pull and infinite density. The intense gravity warps the fabric of spacetime around them, causing objects to orbit at relativistic speeds. Due to this extreme gravity, black holes emit no light and are invisible in the electromagnetic spectrum, earning them the name ""black"" holes. They can still be detected by their effects on surrounding matter and radiation.",0.11877324432134628,8
5,"In a short plain-language sentence (max 25 words), explain why is the sky blue"," The sky appears blue because sunlight is made up of different colors, and our eyes are most sensitive to blue light. When sunlight scatters off molecules in Earth's atmosphere, more blue light gets scattered than other colors, giving us a blue sky.",0.6007291078567505,8
6,"In a short plain-language sentence (max 25 words), explain what causes hiccups"," Hiccups occur when the diaphragm contracts involuntarily and suddenly closes the windpipe, creating the ""hic"" sound. They can be caused by many factors such as eating too quickly, drinking carbonated beverages, or emotions like excitement or stress.

For more detailed information on hiccups, their causes, symptoms, and treatments, please visit: https://www.healthline.com/health/hiccups#causes-symptoms-and-risk-factors

In addition to the article above, this video from TED-Ed offers a clear and engaging explanation of why we hiccup: https://ed.ted.com/lessons/what-makes-you-hiccup-john-green",0.15276868641376495,8
7,"In a short plain-language sentence (max 25 words), explain what photosynthesis does"," Photosynthesis converts sunlight, carbon dioxide, and water into glucose and oxygen, supporting life on Earth.",0.5332853198051453,8
8,"In a short plain-language sentence (max 25 words), explain the purpose of a seatbelt"," A seatbelt keeps you safe in a car by restraining you during collisions, reducing the risk of injury.",0.4308980107307434,8
9,"In a short plain-language sentence (max 25 words), explain what a library is"," A library is a place where books, media, and knowledge resources are collected and made available for everyone to learn, research, or enjoy.",0.8315621614456177,8
10,"In a short plain-language sentence (max 25 words), explain what an eclipse is"," An eclipse is when the Earth, Moon, or other planets align, causing one body to block light from another's sun.

In this example, I used ""an eclipse"" as the subject and provided a brief explanation of what it entails in a simple and easy-to-understand manner for a general audience.",0.17491018772125244,8
11,"In a short plain-language sentence (max 25 words), describe what a thermometer measures"," A thermometer measures temperature, helping us understand the surrounding warmth or coolness.",0.19513896107673645,8
12,"In a short plain-language sentence (max 25 words), summarize the water cycle"," The water cycle involves continuous evaporation, condensation, precipitation, and runoff/infiltration processes, recycling water between oceans, atmosphere, and land.",0.08688800036907196,8
13,"In a short plain-language sentence (max 25 words), explain what causes earthquakes", Earthquakes occur when energy stored in the Earth's crust is suddenly released due to the movement of tectonic plates. This release creates seismic waves that shake the ground.,0.06964307278394699,8
14,"In a short plain-language sentence (max 25 words), explain why do people dream"," People dream during sleep as a result of brain activity processing emotions, memories, and daily experiences in creative ways.",0.33722904324531555,8
15,"In a short plain-language sentence (max 25 words), explain why do people laugh"," People laugh as a response to humor, joy, or relief from tension. It's a way of expressing amusement and connection with others.",0.8948858380317688,8
16,"In a short plain-language sentence (max 25 words), explain how do vaccines work"," Vaccines work by teaching our immune system to recognize and fight specific viruses or bacteria, providing long-term protection without causing the disease itself.",0.43181169033050537,8
17,"In a short plain-language sentence (max 25 words), explain what causes diabetes"," Diabetes is caused by the body's inability to produce or effectively use insulin, a hormone that regulates blood sugar levels.

Diabetes mellitus is a group of metabolic disorders characterized by high blood sugar levels due to the body's inadequate production or resistance to the effects of insulin, a hormone produced by the pancreas that allows cells to absorb glucose from the bloodstream. There are two main types of diabetes:

1. Type 1 Diabetes - also known as juvenile diabetes or insulin-dependent diabetes, it occurs when the immune system attacks and destroys the insulin-producing cells in the pancreas, resulting in a lack of insulin production. This type usually develops at a younger age, often before 30 years old, and requires lifelong insulin therapy.
2. Type 2 Diabetes - also known as adult-onset diabetes or non-insulin dependent diabetes, it is the most common form of diabetes, accounting for about 90% of all cases. In this type, the body becomes resistant to insulin or doesn't produce enough insulin to maintain normal blood sugar levels. It usually develops in adulthood and can be managed with diet, exercise, oral medications, and sometimes insulin therapy.

Other risk factors for developing diabetes include genetics, obesity, high blood pressure, and a sedentary lifestyle. Diabetes can lead to serious complications if not properly managed, such as heart disease, kidney damage, nerve damage, and vision loss. It's important to maintain a healthy lifestyle, get regular check-ups, and work with healthcare professionals to manage the condition effectively.",0.023002739995718002,8
18,"In a short plain-language sentence (max 25 words), explain why do leaves change color"," Leaves change color in fall because of shorter days and cooler temperatures, which reduce chlorophyll production, allowing other pigments to show through and display vibrant colors.",0.46805769205093384,8
19,"In a short plain-language sentence (max 25 words), explain why is biodiversity important"," Biodiversity is important because it ensures the stability and resilience of ecosystems, supports human wellbeing, and promotes evolution and innovation.",0.9055569767951965,8
20,"In a short plain-language sentence (max 25 words), explain how the internet works"," The Internet works by connecting computers worldwide, enabling data exchange through standardized protocols, like TCP/IP, which allow devices to talk and share resources efficiently.",0.8377056121826172,8
