prompt_id,candidate_id,response
11,1," A thermometer is an instrument used to measure temperature. It works by expanding or contracting in response to changes in temperature, with the help of a liquid like mercury or alcohol, or a gas such as air or helium. The scale on the thermometer shows the temperature reading, which can be in degrees Celsius (°C), Fahrenheit (°F), Kelvin (K), or Rankine (°R). Different types of thermometers are used for various purposes, such as medical thermometers to measure body temperature, mercury thermometers for weather and laboratory work, and digital thermometers for a wide range of applications."
11,2," A thermometer is an instrument used to measure temperature. It works by expanding or contracting in response to changes in temperature, and this change is then converted into a temperature reading. There are several types of thermometers, including mercury thermometers, digital thermometers, and thermocouples, each designed for specific applications such as body temperature, environmental conditions, cooking, and industrial processes. The most common scale used for temperature measurement is the Celsius or Fahrenheit scale."
11,3," A thermometer is a device used to measure temperature. It works by expanding or contracting in response to heat, thereby indicating the temperature of a substance or environment. The most common types of thermometers include mercury thermometers, digital thermometers, and thermocouples. They are widely used in various fields such as weather forecasting, medical diagnosis, cooking, and industrial processes to monitor and control temperatures."
11,4," A thermometer is an instrument used to measure temperature. It works by expanding or contracting in response to changes in temperature, or by changing the properties of a substance within it such as electrical resistance or vapor pressure. Common types include mercury thermometers, alcohol thermometers, and digital thermometers. The scale on a thermometer is calibrated to show temperatures in degrees Celsius, Fahrenheit, or Kelvin, depending on the specific type of thermometer. The temperature reading indicates the degree of hotness or coldness of a substance or environment compared to a reference point such as the freezing and boiling points of water."
11,5," A thermometer is an instrument used to measure temperature. It works by expanding or contracting in response to changes in temperature, with the help of a liquid or gas (such as mercury or alcohol) inside a glass tube, or by using electronic components that sense and display the temperature. The temperature scale on the thermometer allows users to read and interpret the measured temperature accurately. Common types of thermometers include the mercury thermometer, digital thermometer, bimetallic thermometer, and bi-metal thermostat."
11,6," A thermometer is a device used to measure temperature. It works by expanding or contracting in response to changes in temperature, or by changing the physical properties of a substance within it, such as its electrical resistance or vapor pressure. The most common types of thermometers include mercury thermometers, digital thermometers, and thermocouples. They are used in various applications, including medical settings for body temperature, weather forecasting, cooking, engineering, and scientific research."
11,7," A thermometer is an instrument used to measure temperature. It converts thermal energy, or heat, into a quantitative measurement that can be read on a calibrated scale. Thermometers are essential for monitoring and recording temperatures in various contexts, such as weather forecasting, medical diagnoses, industrial processes, cooking, and scientific research.

The most common types of thermometers include mercury thermometers, digital thermometers, bimetallic thermometers, and liquid crystal thermometers. Each type operates on different principles to convert thermal energy into a readable format, but the fundamental concept remains the same: measuring temperature by detecting changes in physical properties that correlate with heat levels."
11,8," A thermometer is an instrument used to measure temperature. It works on the principle that different substances expand or contract at different rates when heated or cooled, which allows for the conversion of thermal energy into a readable measurement.

There are various types of thermometers, including mercury thermometers, digital thermometers, and bi-metallic thermometers. They can be used in a wide range of applications, from medical settings to weather forecasting, food preparation, and industrial processes. The temperature scale they use can vary, with the most common being Celsius (°C), Fahrenheit (°F), and Kelvin (K).

By taking temperature readings, thermometers help us monitor and control temperatures in various environments to maintain comfort, ensure safety, and optimize processes."
11,9," A thermometer is an instrument used to measure temperature. It works on the principle that different substances expand or contract at varying rates when heated or cooled, and the thermometer's design takes advantage of this property to indicate the temperature. Common types include mercury thermometers, digital thermometers, and thermocouples, among others. Thermometers can be used for a wide range of applications, such as measuring body temperature, environmental temperatures, or internal temperatures of food and liquids."
11,10," A thermometer is an instrument used to measure temperature. It works on the principle that different substances expand or contract at different rates when heated or cooled, allowing for a quantifiable measurement of temperature. The temperature scale most commonly used today is the Celsius scale, where water freezes at 0 degrees Celsius and boils at 100 degrees Celsius under standard atmospheric pressure. Other temperature scales include Fahrenheit, Kelvin, and Rankine. Thermometers come in various forms such as mercury thermometers, digital thermometers, and thermocouples, and are used for a wide range of applications from weather forecasting to medical diagnosis."
11,11," A thermometer is a device used to measure temperature. It works by expanding or contracting in response to changes in temperature, and this expansion or contraction is converted into a temperature reading through calibration. Common types of thermometers include mercury thermometers, digital thermometers, and thermocouples, among others. They are used in various fields such as medicine, meteorology, science, and engineering to monitor and record temperatures."
11,12," A thermometer is an instrument used to measure temperature. It works on the principle that different substances expand or contract at different rates in response to changes in temperature. The most common types of thermometers include mercury thermometers, digital thermometers, and clinical thermometers. Mercury thermometers consist of a glass bulb containing mercury, which expands and contracts as the temperature changes, indicating the temperature reading on a calibrated scale. Digital thermometers use electrical resistance or semiconductor materials to measure temperature and display it electronically. Clinical thermometers are used to take body temperatures and typically come in digital or mercury forms. In all cases, the thermometer measures the temperature of an object or substance by comparing its temperature to a standard scale, such as Celsius, Fahrenheit, or Kelvin."
11,13," A thermometer is an instrument used to measure temperature. It converts the temperature from one scale (like Celsius, Fahrenheit, or Kelvin) into a readable value that helps us understand the thermal state of a substance or environment. Thermometers can be found in various forms, such as mercury thermometers, digital thermometers, and thermocouples, among others. They are widely used in scientific research, weather forecasting, medical applications, and everyday life to monitor temperature changes."
11,14," A thermometer is an instrument used to measure temperature. It can be used to monitor and record temperatures in various contexts, such as weather, medical, laboratory, food preparation, or industrial processes. The thermometer contains a liquid or gas that expands or contracts with changes in temperature, causing a pointer on a calibrated scale to move, indicating the current temperature. There are several types of thermometers, including mercury, alcohol, bi-metallic, and digital ones."
11,15," A thermometer is an instrument used to measure temperature. It works by expanding or contracting in response to changes in temperature, or by changing the properties of a substance within it, such as its electrical resistance or vapor pressure.

The most common type of thermometer uses a glass bulb filled with a liquid, such as mercury or alcohol, which expands and contracts with temperature changes. The scale on the thermometer's stem allows you to read the temperature in degrees Celsius or Fahrenheit.

Thermometers are used in various fields, including meteorology (to measure air temperature), medicine (to take body temperature), and industry (to monitor and control processes involving heat)."
11,16," A thermometer is a device used to measure temperature. It works by expanding or contracting in response to changes in temperature, or by changing the resistance or capacitance of certain materials. The most common types include mercury thermometers, digital thermometers, and glass thermometers, which are used for various purposes such as medical, weather forecasting, or food preparation.

The unit of measurement for temperature can vary. In the International System of Units (SI), it is usually measured in degrees Celsius (°C) or Kelvin (K). Fahrenheit (°F) is also used sometimes, especially in some parts of the United States. Absolute zero, the lowest possible temperature, is -273.15 degrees Celsius or 0 Kelvin."
12,1," The water cycle, also known as the hydrologic cycle, is a continuous process by which water circulates among the Earth's atmosphere, land, and oceans. Here are the main stages:

1. Evaporation: Heat from the sun causes water in lakes, rivers, and oceans to evaporate and turn into water vapor, which rises into the atmosphere.

2. Condensation: As water vapor rises and cools, it condenses to form clouds.

3. Precipitation: When the water droplets in the cloud become too heavy, they fall as precipitation (rain, snow, sleet, or hail).

4. Collection: The precipitation collects in bodies of water such as rivers, lakes, and oceans, which feed into groundwater reservoirs. Some water also soaks into the ground, where it may be absorbed by plants or flow underground, eventually reaching rivers, lakes, and oceans.

5. Transpiration: Plants absorb water through their roots and release it as vapor through tiny openings called stomata, a process known as transpiration. This helps to recycle water back into the atmosphere.

6. Evapotranspiration: This term refers to both evaporation and transpiration combined, which are essential components of the water cycle.

7. Runoff: When there is more precipitation than can be absorbed by the ground, excess water runs off into rivers, lakes, or oceans, starting the cycle over again."
12,2," The water cycle, also known as the hydrologic cycle, is a continuous process by which water circulates among the Earth's atmosphere, land, and oceans. Here's a simplified summary of the water cycle:

1. Evaporation: Sunlight heats up the surface of bodies of water like oceans, lakes, and rivers, causing water to turn into vapor (evaporation). This process cools the surface water.

2. Transpiration: Plants also contribute significantly to evaporation through a process called transpiration, where they release water vapor from their leaves during photosynthesis.

3. Condensation: As water vapor rises into the cooler atmosphere, it condenses and forms clouds when the temperature and humidity conditions are right for tiny water droplets to stick together.

4. Precipitation: When these cloud droplets become too heavy, they fall back to the Earth's surface as precipitation (rain, snow, sleet, or hail).

5. Collection: The collected water on land and in oceans will flow into rivers and lakes, replenishing groundwater through seepage, and eventually reaching the oceans. This includes direct runoff from rainfall that doesn't soak into the ground.

6. Infiltration: Some water seeps into the soil and becomes part of the groundwater supply. Plants also absorb some water through their roots for photosynthesis, eventually releasing it back into the atmosphere through transpiration.

7. Evapotranspiration: This is the combined process of evaporation and transpiration, which returns water to the atmosphere from both land and oceans, starting the cycle over again.

The water cycle plays a crucial role in maintaining Earth's climate and weather patterns, as well as supporting life on our planet."
12,3," The water cycle, also known as the hydrologic cycle, is a continuous process by which water circulates among the Earth's atmosphere, land, and oceans. The main components of the water cycle are precipitation, evaporation, transpiration, condensation, and runoff.

1. Evaporation: This occurs when water from the surface (oceans, lakes, rivers, and soil) turns into water vapor due to heat from the sun. Plants also contribute significantly to this process through a process called transpiration, where water is released from plant leaves during photosynthesis.

2. Condensation: As water vapor rises into cooler parts of the atmosphere, it cools down and condenses to form clouds. When the droplets within the cloud become heavy enough, they fall as precipitation.

3. Precipitation: This is when water falls from the sky in the form of rain, snow, sleet, or hail. The amount and type of precipitation depend on factors like temperature, humidity, and atmospheric pressure.

4. Interception: Some precipitation is intercepted by plants and evaporates back into the atmosphere before reaching the ground.

5. Collection: Water that reaches the ground through precipitation collects in bodies of water like rivers, lakes, and oceans, or it percolates into the ground to become groundwater.

6. Infiltration: Groundwater can move slowly through soil and rock, recharging aquifers and eventually finding its way back to surface water bodies.

7. Runoff: When precipitation falls faster than it can infiltrate into the ground, excess water runs off the land and may flow into streams, rivers, and eventually oceans, where the cycle begins again with evaporation.

The water cycle is crucial for life on Earth, providing the water necessary for plant growth, animal survival, and human activities such as agriculture and industry."
12,4," The water cycle, also known as the hydrologic cycle, is a continuous process by which water circulates between the Earth's oceans, atmosphere, and land. Here's a simplified summary of the steps involved:

1. Evaporation: Sunlight heats the surface of oceans, lakes, and other bodies of water, causing water to evaporate and rise into the atmosphere as water vapor.

2. Condensation: As the water vapor rises, it cools and condenses to form clouds.

3. Precipitation: When the water droplets in the clouds become heavy enough, they fall back to the Earth's surface as precipitation (rain, snow, sleet, or dew).

4. Interception: Some of the precipitation is intercepted by plants and other vegetation before it reaches the ground.

5. Infiltration: The water that does reach the ground either evaporates, transpires through plants, or infiltrates the soil as runoff or groundwater.

6. Storage (evapotranspiration): A portion of the water that infiltrates the soil is taken up by plants for photosynthesis and releases some of it back into the atmosphere through a process called evapotranspiration.

7. Runoff: Excess water that can't be absorbed by the soil flows over land as surface runoff, eventually making its way to rivers, lakes, and oceans.

8. Evaporation from surface water: Once the water is in a body of water like a river or lake, it evaporates back into the atmosphere, starting the cycle over again."
12,5," The water cycle, also known as the hydrologic cycle, is a continuous process by which water circulates between the Earth's atmosphere, oceans, and land. Here's a simplified summary of its key stages:

1. Evaporation: Heat from the Sun causes water in oceans, lakes, rivers, and soil to evaporate and form water vapor, which rises into the atmosphere.

2. Condensation: As the water vapor moves away from the heat source and rises higher, it cools down, condenses, and forms clouds.

3. Precipitation: When the water droplets in the clouds become too heavy, they fall to the Earth's surface as precipitation (rain, snow, sleet, or hail).

4. Collection: The precipitated water collects in bodies of water like rivers, lakes, and oceans. Some of it seeps into the ground through a process called infiltration, where it becomes groundwater.

5. Transpiration: Plants absorb water from the soil through their roots and release it as vapor through tiny pores on their leaves—a process known as transpiration. This helps to return water back into the atmosphere.

6. Evapotranspiration: The combination of evaporation and transpiration is called evapotranspiration, which recycles large amounts of water from land surfaces to the atmosphere.

7. Runoff: Some precipitation may flow over the land surface instead of being absorbed by the ground, either because it's too much or the ground is saturated. This runoff joins rivers and eventually reaches oceans, starting the cycle again."
12,6," The water cycle, also known as the hydrologic cycle, is a continuous process by which water circulates among the Earth's oceans, atmosphere, and land. Here's a simplified summary of the steps involved:

1. Evaporation: As the sun heats up the surface of oceans, lakes, and rivers, water turns into water vapor and rises into the atmosphere.

2. Condensation: As the water vapor cools and rises, it condenses to form clouds.

3. Precipitation: When the water droplets in the clouds become too heavy, they fall to Earth as rain, snow, sleet, or hail.

4. Collection: The precipitation collects in bodies of water like rivers, lakes, and oceans, where it flows back into the ground through a process called infiltration. Some of this water also evaporates again, starting the cycle over.

5. Transpiration: Water is absorbed by plants' roots, moves up through the plant, and is released as vapor through tiny pores on the leaves (this is called transpiration). This process returns water to the atmosphere, helping to maintain humidity levels.

6. Groundwater flow: Some of the water that infiltrates into the ground becomes groundwater, which flows through underground layers and can feed wells, springs, and streams.

The water cycle is essential for life on Earth because it regulates our climate, maintains habitat health, and provides us with fresh water for drinking and agriculture."
12,7," The water cycle, also known as the hydrologic cycle, is a continuous process by which water circulates between the Earth's oceans, atmosphere, and land. Here's a simplified breakdown:

1. Evaporation: This is the process by which water from the Earth's surface (like oceans, lakes, rivers, or soil) turns into water vapor as it absorbs heat from the Sun.

2. Transpiration: Plants also contribute significantly to evaporation through a process called transpiration, where water is absorbed by plant roots and released into the air through tiny pores on the leaves.

3. Condensation: As water vapor rises into cooler atmospheric conditions, it condenses, or turns back into liquid form, forming clouds.

4. Precipitation: When water droplets in the cloud become too heavy to stay suspended, they fall to the Earth's surface as precipitation (rain, snow, sleet, or hail).

5. Runoff and Infiltration: Some of the precipitation flows over the land (runoff) towards rivers, lakes, or oceans, while some seeps into the ground (infiltration), recharging groundwater reserves.

6. Evaporation (again): The water that returns to the surface through runoff or infiltration then evaporates again, starting the cycle over.

This cycle plays a crucial role in distributing water across the Earth, influencing weather patterns and climate, and sustaining life on our planet."
12,8," The water cycle, also known as the hydrological cycle, is a natural process by which water circulates between the Earth's oceans, atmosphere, and land. It consists of five main stages:

1. Evaporation: This is the process where water from the surface (oceans, lakes, rivers, etc.) turns into water vapor due to heat from the Sun. Plants also contribute significantly to evapotranspiration, which includes both evaporation and transpiration (the movement of water through plants).

2. Transformation: As water vapor rises, it cools and condenses to form clouds. The condensed water droplets can join together to form larger droplets or ice crystals, depending on the temperature and humidity.

3. Precipitation: When the drops in a cloud become too heavy, they fall to the Earth as rain, snow, sleet, or hail. This process is known as precipitation.

4. Collection: The water that falls to the ground collects in bodies of water such as rivers, lakes, and oceans. It also seeps into the ground as soil moisture or percolates into underground aquifers.

5. Evaporation (continuation): Eventually, this collected water heats up and evaporates once more, starting the cycle over again.

The water cycle is essential for life on Earth as it maintains a stable climate by distributing heat around the globe through wind and ocean currents. It also supplies fresh water for drinking, irrigation, and various ecosystem services. However, human activities can disrupt the water cycle, leading to issues like droughts, floods, and water pollution."
12,9," The water cycle, also known as the hydrologic cycle, is a continuous process by which water circulates between the Earth's oceans, atmosphere, and land. Here are the main steps in this cycle:

1. Evaporation: This is the process of water changing from liquid (in lakes, rivers, and oceans) to vapor when it absorbs heat from the sun or surrounding environment. Plants also contribute significantly to evapotranspiration by releasing water vapor during photosynthesis and respiration.

2. Condensation: As the water vapor rises into cooler atmospheric layers, it cools down and condenses to form tiny droplets of water known as cloud droplets. This happens when water vapor molecules combine with each other.

3. Precipitation: When enough cloud droplets come together, they become too heavy to stay aloft and fall as precipitation (rain, snow, sleet, or hail).

4. Interception: Some of the precipitation is intercepted by vegetation before it reaches the ground; some evaporates from the leaves and stems back into the atmosphere, while the rest eventually percolates through the soil or runs off as surface runoff.

5. Infiltration: A portion of the water that falls on the land soaks into the soil, replenishing groundwater reserves and eventually finding its way to rivers, lakes, and oceans. The rate at which water infiltrates the soil depends on factors like soil type, vegetation cover, and slope.

6. Runoff: Surface runoff occurs when rainfall exceeds the soil's capacity to absorb moisture. This water flows over land toward rivers, lakes, or oceans.

7. Evapotranspiration (revisit): After infiltration and runoff, water continues to evaporate from the ground, streams, and vegetation back into the atmosphere. This process, along with direct evaporation of water bodies, completes the water cycle."
12,10," The water cycle, also known as the hydrologic cycle, is a natural process by which water circulates between the Earth's oceans, atmosphere, and land. It consists of five main stages:

1. Evaporation: Water from the Earth's surface (oceans, lakes, rivers, and soil) evaporates due to solar heating, turning into water vapor and rising into the atmosphere.

2. Condensation: As the water vapor rises, it cools and condenses to form clouds. This process requires a certain amount of moisture in the air to reach the dew point temperature for condensation to occur.

3. Precipitation: When the water droplets within the cloud become too heavy, they fall to the Earth's surface as precipitation, such as rain, snow, sleet, or hail.

4. Runoff and Infiltration: The precipitation that reaches the ground either flows over the land (runoff) or seeps into the soil (infiltration).

5. Evapotranspiration: Plants absorb water from the soil through their roots, a process known as transpiration, while the remaining water evaporates back into the atmosphere. This completes the water cycle and allows the process to continue.

The water cycle plays a vital role in redistributing water and maintaining Earth's climate by transferring heat between the ocean and the atmosphere. It also provides freshwater resources for human consumption, agriculture, and ecosystems."
12,11," The water cycle, also known as the hydrologic cycle, is a continuous process by which water circulates between the Earth's oceans, atmosphere, and land. Here's a simplified summary of its main stages:

1. Evaporation: Sun heats up the surface of bodies of water such as lakes, rivers, and oceans, causing water to evaporate and turn into water vapor that rises into the atmosphere.

2. Condensation: As the water vapor cools and rises into the atmosphere, it condenses to form tiny water droplets called cloud droplets.

3. Precipitation: When enough water droplets come together, they become heavy and fall as precipitation (rain, snow, sleet, or hail) back to Earth's surface.

4. Interception: Some of the falling precipitation gets intercepted by plants, buildings, and other objects on the land surface before it reaches the ground.

5. Infiltration: The water that manages to reach the ground can either evaporate or infiltrate the soil, replenishing groundwater reserves.

6. Runoff: Overland flow (runoff) occurs when precipitation on the land surface doesn't infiltrate into the soil but instead moves across the surface towards rivers and lakes.

7. Evapotranspiration: Plants absorb water from the ground through their roots, then release some of it back to the atmosphere via evaporation (transpiration). This process helps replenish atmospheric moisture.

8. Return to the oceans: Eventually, the water that has infiltrated the soil and moved as runoff ends up in rivers and lakes, which eventually flow into the oceans.

The water cycle is essential for life on Earth since it provides the necessary water for plants, animals, and humans. It also plays a significant role in regulating climate and weather patterns."
12,12," The water cycle, also known as the hydrologic cycle, is a continuous process by which water circulates among the Earth's atmosphere, land, and oceans. Here's a simplified summary of the main steps:

1. Evaporation: Sun heats the surface of rivers, lakes, and oceans, causing water to evaporate and turn into water vapor that rises into the atmosphere.

2. Condensation: As the water vapor rises and cools, it condenses and forms clouds.

3. Precipitation: When the water droplets in the clouds become too heavy, they fall to the Earth's surface as precipitation (rain, snow, sleet, or hail).

4. Collection: The precipitation collects in bodies of water, such as rivers, lakes, and oceans, where it can flow into underground aquifers or evaporate again.

5. Transpiration: Plants also contribute to the water cycle through transpiration, the process by which they absorb water from the soil and release it as vapor during photosynthesis.

6. Evapotranspiration: Combining evaporation and transpiration, we get evapotranspiration, which is the total amount of water returned to the atmosphere from land surfaces due to plant transpiration and direct solar heating of the land surface.

The water cycle is essential for maintaining Earth's climate and supporting life on our planet, as it redistributes heat through evaporation and precipitation, helps regulate temperature, and provides the freshwater necessary for ecosystems and human needs."
12,13," The water cycle, also known as the hydrologic cycle, is a continuous process by which water circulates between the Earth's atmosphere, oceans, and land. Here's a simplified summary of the steps involved:

1. Evaporation: As the sun heats the surface of bodies of water like oceans, rivers, and lakes, water turns into water vapor and rises into the air. This process is called evaporation.

2. Condensation: As water vapor rises and cools, it condenses to form clouds. This process is called condensation.

3. Precipitation: When the water droplets in the clouds become too heavy, they fall to the Earth as precipitation, which can be rain, snow, sleet, or hail.

4. Collection: The water that falls to the Earth collects in bodies of water like streams, rivers, and lakes. Some of it also soaks into the ground.

5. Transpiration: Plants absorb water from the soil through their roots and release it into the air through tiny pores called stomata on their leaves. This process is called transpiration.

6. Evapotranspiration: Evaporation plus transpiration is often referred to as evapotranspiration, which represents the total water vapor going back into the atmosphere from both sources.

7. Runoff and Infiltration: Some of the precipitation that falls on land either infiltrates the ground or runs off as surface runoff, eventually making its way back to bodies of water.

The water cycle plays a crucial role in maintaining Earth's climate, weather patterns, and life-supporting ecosystems."
12,14," The water cycle, also known as the hydrologic cycle, is a continuous process by which water circulates between the Earth's oceans, atmosphere, and land. Here are the main steps involved:

1. Evaporation: Sunlight heats up the surface of the oceans, lakes, and other bodies of water, causing water to evaporate and form water vapor in the air.
2. Transpiration: Plants also play a role in the water cycle by absorbing water from the soil through their roots and releasing it into the atmosphere through tiny pores called stomata, a process known as transpiration.
3. Condensation: As water vapor rises into cooler parts of the atmosphere, it condenses to form clouds. This occurs when the water molecules come together and release heat, cooling down and changing from a gas to a liquid.
4. Precipitation: When the water droplets in a cloud become too heavy, they fall to the Earth's surface as precipitation, such as rain, sleet, snow, or hail.
5. Runoff: The precipitation that reaches the ground either soaks into the soil or runs off as surface runoff, which collects in rivers and streams.
6. Infiltration: Some of the water that falls as precipitation seeps into the ground, where it becomes groundwater. Groundwater can be stored for long periods and is an important source of freshwater for many communities.
7. Evapotranspiration: The water that has infiltrated the soil or collected on the land surface eventually evaporates back into the atmosphere, completing the water cycle.

The water cycle is an essential process for life on Earth as it recycles water and redistributes it throughout the planet. Human activities can impact the water cycle by altering factors such as vegetation cover, soil properties, and land use patterns."
12,15," The water cycle, also known as the hydrologic cycle, is a continuous process by which water circulates between the Earth's oceans, atmosphere, and land. Here's a simplified summary of the stages involved:

1. Evaporation: Sunlight heats up the surface of bodies of water like oceans, lakes, rivers, and even moist soil. This heat energy causes water to evaporate (turn into vapor or gas) and rise into the atmosphere.

2. Condensation: As the water vapor rises, it cools due to lower temperatures at higher altitudes. The cooled water vapor condenses (changes back from gas to liquid) to form clouds.

3. Precipitation: When the water droplets in the cloud become too heavy, they fall to Earth as precipitation, which can be rain, snow, sleet, or hail.

4. Collection: The precipitation that falls on land may run off into rivers and streams, which eventually flow into lakes and oceans. Some of it may seep into the ground to replenish groundwater reserves. Snow accumulates in polar ice caps and glaciers until it melts or is carried downstream by rivers.

5. Transpiration: Plants absorb water from the soil through their roots, which then evaporates from the leaves (a process called transpiration). This adds moisture back into the atmosphere.

The water cycle is essential for life on Earth as it supplies fresh water to plants and animals and helps regulate climate patterns by redistributing heat around the globe."
12,16," The water cycle, also known as the hydrologic cycle, is a continuous process by which water circulates between the Earth's oceans, atmosphere, and land. Here's a simplified summary of its main steps:

1. Evaporation: This is the process where water from the surface (oceans, lakes, rivers, etc.) transforms into water vapor due to heat from the sun.

2. Transpiration: Plants also contribute to evaporation by absorbing water through their roots and releasing it as water vapor through tiny pores in leaves, a process called transpiration.

3. Condensation: As water vapor rises into cooler atmospheric conditions, it condenses (turns back into liquid) to form clouds.

4. Precipitation: When the water droplets in the cloud become too heavy, they fall to the Earth's surface as precipitation (rain, snow, sleet, etc.).

5. Runoff and Infiltration: The precipitation either runs off the land surface, collecting in rivers and streams, or it infiltrates into the ground. The water that infiltrates may recharge groundwater reserves or percolate to become part of a stream or river via springs or seeps.

6. Evapotranspiration: On the land, this term refers to both evaporation from the soil and transpiration by plants. It returns water back into the atmosphere, completing the cycle.

The water cycle plays a crucial role in regulating Earth's climate, weather patterns, and ecosystems by redistributing moisture around the globe."
13,1," Earthquakes are caused by the movement and interaction of tectonic plates that make up the Earth's lithosphere. The Earth's interior is divided into several layers, with the outermost layer being the lithosphere, which consists of seven large and numerous small tectonic plates. These plates are in constant motion due to the heat generated by the Earth's core, which causes convection currents that drive the movement of the tectonic plates.

When two or more tectonic plates collide, slide past each other, or separate, stress builds up along their boundaries. This stress can be relieved in various ways, including through earthquakes. When the accumulated stress exceeds the strength of the rocks in the Earth's crust, it causes the rocks to break and release energy in the form of seismic waves that travel through the Earth's interior, causing the ground to shake.

The most common types of plate boundaries where earthquakes occur are convergent boundaries (where plates collide), divergent boundaries (where plates move away from each other), and transform faults (where plates slide past each other). Different regions around the world have different tectonic plate configurations, which explains why some areas are more prone to earthquakes than others.

Some factors that can influence the likelihood and severity of earthquakes include the size and shape of the tectonic plates, the amount of stress accumulated along fault lines, the type of rock formations in the Earth's crust, and the location of population centers near active fault zones.

Understanding the causes of earthquakes is essential for predicting their occurrence, minimizing damage to infrastructure, and saving lives."
13,2," Earthquakes are caused by the movement and friction of tectonic plates that make up the Earth's lithosphere. These plates are always in motion, but sometimes they get stuck at their boundaries, building up stress over time. When the accumulated stress exceeds the breaking point, an earthquake occurs as the energy released from this sudden movement propagates through the Earth's crust and creates seismic waves that we feel as shaking or trembling. The exact cause of an individual earthquake is often related to specific geological conditions at the source of the event, such as the angle of the fault, the amount of stress accumulated, and the type of rock involved.

There are three main types of plate boundaries where most earthquakes occur: convergent, divergent, and transform. Convergent boundaries occur when two plates collide (subduction zones or collision zones), while divergent boundaries occur when plates move apart (mid-ocean ridges). Transform boundaries occur where plates slide past each other horizontally, forming a fault line. The San Andreas Fault in California is an example of a transform boundary.

Earthquakes can also be triggered by human activities like mining, drilling, and water withdrawal from underground aquifers, which may change the stress on nearby faults or cause them to slip prematurely. Additionally, volcanic eruptions, landslides, and meteor impacts can generate seismic waves similar to those produced by earthquakes.

Understanding the causes of earthquakes is crucial for predicting their occurrence, minimizing damage, and saving lives in earthquake-prone regions. Research continues into better understanding the mechanisms behind earthquakes and developing more accurate prediction models."
13,3," Earthquakes occur due to the movement and interaction of tectonic plates that make up the Earth's lithosphere. The Earth's interior consists of several layers, with the outermost layer being the crust and the layer just below it being the mantle. The lithosphere, which includes the crust and the uppermost part of the mantle, is broken into large pieces known as tectonic plates. These plates are constantly moving, albeit very slowly, due to convection currents within the Earth's mantle.

The movement of these plates can lead to several types of boundary interactions:

1. Divergent boundaries: Where plates move apart, such as at mid-ocean ridges, magma rises and fills the gap, eventually solidifying and creating new crust. There are no earthquakes here because there's not much stress placed on existing crust.

2. Convergent boundaries: Where plates collide, such as at subduction zones or collision zones (like the Himalayas), one plate can slide under another (subduction) or they can collide and deform each other. The stress placed on the crust at convergent boundaries can lead to earthquakes.

3. Transform boundaries: Where plates slide past each other horizontally along a fault line, such as the San Andreas Fault in California. Friction between the moving plates can build up energy that is eventually released in the form of an earthquake.

Earthquakes occur when there's a sudden release of energy in the Earth's crust that creates seismic waves. This release of energy typically happens along a fracture or break in the Earth's surface called a fault, and it can be caused by various factors such as tectonic plate movement, volcanic activity, mining activities, or even fluid injection into wells.

The buildup of stress along a fault before an earthquake is known as elastic rebound theory. As the plates move and strain the rocks along the fault, they store energy like a spring being compressed. Eventually, the stress builds up to a point where the rock can no longer withstand it, causing the sudden release of energy that we perceive as an earthquake."
13,4," Earthquakes are caused by the movement and friction of tectonic plates that make up the Earth's lithosphere. The Earth's mantle beneath the crust is semi-fluid, and it flows slowly over long periods. The tectonic plates float on this partially molten rock and are in constant motion due to this convection current.

However, the edges of these plates are not always able to move smoothly past each other. When two plates collide or slide past each other, a great amount of stress builds up along their boundaries. This stress can accumulate for years, decades, or even centuries.

Eventually, when the stress exceeds the strength of the rocks holding the plates together, the rocks break or fracture, causing an earthquake. During an earthquake, energy from this sudden release of energy travels through the Earth's crust as seismic waves, shaking the ground and potentially causing damage.

The location where the earthquake originates is called the focus or hypocenter. The point directly above it on the surface is known as the epicenter. Earthquakes can occur along various types of plate boundaries such as convergent (collision), divergent (separation), and transform (sliding past each other) boundaries, and they can also happen in areas far from active plate boundaries due to the movement of magma beneath the Earth's surface."
13,5," Earthquakes are caused by the movement and interaction of tectonic plates that make up the Earth's lithosphere. The Earth's interior is divided into several layers, with the outermost layer being the lithosphere, which is broken into large pieces called tectonic plates. These plates move slowly due to convection currents within the mantle.

The movement of these plates can cause them to collide, slide past each other, or separate from one another. These movements generate stresses that build up over time within the Earth's crust. When the stress becomes too great, the rocks in the crust break along a fracture known as a fault, and energy is released in the form of seismic waves. This sudden release of energy is what we perceive as an earthquake.

The exact location where the earthquake occurs is determined by the position and movement of the tectonic plates and any underlying weak zones within the Earth's crust. The San Andreas Fault in California, for example, is a well-known fault system that has produced many significant earthquakes due to the movement between the North American Plate and the Pacific Plate.

In addition to plate tectonics, other factors such as volcanic activity, landslides, and man-made activities can also trigger small earthquakes. However, the majority of earthquakes are caused by the movement of tectonic plates."
13,6," Earthquakes are caused by the movement and interaction of tectonic plates that make up the Earth's lithosphere. These plates are in constant motion, but sometimes they get stuck at their boundaries due to friction. Over time, the pressure builds up until it overcomes the resistance, leading to sudden movement along the boundary. This sudden release of energy is what we experience as an earthquake.

The three main types of plate boundaries where earthquakes are most likely to occur are convergent (where plates collide), divergent (where plates move apart), and transform (where plates slide past each other). Earthquakes can also occur in the intraplate regions, far from the plate boundaries, but these are less common.

Inside the Earth, energy is stored as elastic strain due to the movement of tectonic plates. When the stress exceeds the rock's ability to deform without breaking, an earthquake occurs. The shaking and rolling motion during an earthquake are caused by seismic waves generated by the sudden displacement of rocks along a fault.

Some factors that can increase the likelihood or magnitude of earthquakes include geological conditions like the presence of weak zones or areas with a high concentration of fluids, as well as human activities such as mining and extraction of groundwater. Understanding these causes helps scientists predict where future earthquakes may occur and develop strategies for reducing their impact on communities."
13,7," Earthquakes are caused by the movement and energy release in the earth's crust due to various tectonic processes. The main cause of most earthquakes is the movement along fault lines, which are fractures in the earth's crust where two blocks of rock move relative to each other.

There are three types of faults:

1. Strike-slip faults: These faults result from horizontal motion between the two blocks of rock, such as the San Andreas Fault in California. The movement along these faults can cause earthquakes due to friction and energy release when the rocks suddenly slip past each other.

2. Divergent faults: These faults occur at mid-ocean ridges where tectonic plates are moving apart. Magma rises between the separating plates, which creates new crust and causes earthquakes due to the movement of the magma.

3. Convergent faults: These faults occur where tectonic plates collide, such as in subduction zones (e.g., along the Pacific Coast of South America). One plate slides under another, which can cause earthquakes due to the force of one plate being pushed beneath the other and the resulting friction between the two plates.

In addition to fault movements, earthquakes can also be caused by volcanic activity, landslides, mining activities, and human-induced factors like dam construction and deep well injection.

The magnitude and severity of earthquakes depend on several factors such as the size of the fault, the depth at which it occurs, and the amount of energy released during the event. The Richter scale is commonly used to measure the magnitude of an earthquake based on seismic waves produced by the shaking."
13,8," Earthquakes are caused by the movement and interaction of tectonic plates that make up the Earth's lithosphere. These plates are constantly moving, albeit very slowly, due to convection currents within the Earth's mantle.

The boundaries between these plates can be either convergent (where two plates collide), divergent (where two plates move away from each other), or transform (where two plates slide past each other horizontally). At these boundaries, the stresses build up over time and can eventually cause the Earth's crust to fracture, leading to an earthquake.

During an earthquake, energy is released in the form of seismic waves that travel through the Earth's layers and can cause ground shaking at the surface. The magnitude or size of the earthquake is determined by the amount of energy released, which is measured using the Richter scale.

The exact location, timing, and size of an earthquake cannot be predicted with certainty, but scientists continue to study and monitor seismic activity in order to better understand and predict future events."
13,9," Earthquakes are caused by the movement and energy release in the earth's crust, which is mainly due to tectonic activities. The Earth's outer layer, the lithosphere, is broken into large, irregularly shaped plates that float on a semi-fluid layer beneath called the asthenosphere.

These plates are in constant motion, but they can sometimes get stuck at their boundaries. Over time, the stress builds up until the point where it's greater than the resistance of the rocks. When this happens, there is a sudden release of energy in the form of seismic waves that travel through the Earth's crust, causing the ground to shake - an earthquake.

The exact cause of an earthquake can be attributed to three main mechanisms:

1. Strike-slip faults: These occur where two plates slide horizontally past each other. Examples include the San Andreas Fault in California.

2. Divergent boundaries: Here, new crust is formed as two plates move away from each other, such as at mid-ocean ridges. The movement is usually slow and results in low-magnitude earthquakes.

3. Convergent boundaries: When two plates collide, one may slide under the other (subduction), or they may collide head-on, causing a large deformation called an orogeny. Earthquakes at these boundaries can be very large and devastating, like the earthquake that occurred in Japan in 2011 (Tohoku earthquake).

The likelihood and intensity of earthquakes are also influenced by factors such as geographical location, local geology, and underlying tectonic stresses. Understanding these mechanisms and factors helps researchers to better predict where and when future earthquakes may occur."
13,10," Earthquakes are caused by the movement and interaction of tectonic plates, which are large pieces of the Earth's crust that float on the semi-fluid mantle below. The Earth's outer layer is divided into several major plates (like the Pacific Plate, North American Plate, Eurasian Plate, etc.) that are in constant motion relative to each other due to heat from the Earth's interior.

When these tectonic plates collide, slide past each other, or separate, stress builds up along their boundaries. Over time, this stress can exceed the strength of the rocks and cause them to fracture, resulting in seismic waves (earthquakes) as energy is released. The exact location where the earthquake begins is called the focus, while the point directly above it on the Earth's surface is known as the epicenter.

There are three main types of plate boundaries: convergent (where plates collide), divergent (where plates move away from each other), and transform (where plates slide past each other). Most earthquakes occur along these active plate margins, although they can also happen in areas far from the boundaries due to various factors such as stress changes within the Earth or mining activities."
13,11," Earthquakes occur due to the movement and interaction of tectonic plates that make up the Earth's lithosphere. The Earth's mantle beneath the lithosphere is semi-fluid, allowing the tectonic plates to move slowly over thousands of years.

When these tectonic plates collide, slide past each other, or separate, stress builds up along their boundaries. When the stress exceeds the breaking point, an abrupt release of energy occurs, causing the ground to shake, which is known as an earthquake. The exact location of an earthquake's epicenter depends on the specific tectonic plate movements in that area.

Earthquakes can also be triggered by volcanic eruptions, landslides, and human activities such as mining and reservoir impoundment. In most cases, however, they are primarily caused by tectonic plate movements."
13,12," Earthquakes are caused by the movement and friction of tectonic plates that make up the earth's lithosphere. These plates are in constant motion due to the heat generated from the earth's interior, specifically from the molten outer core. Over time, as these plates move, they can build stress along their boundaries. When this stress becomes too great, the rocks along the boundary suddenly break or slip, causing seismic waves that we perceive as an earthquake.

There are three types of tectonic plate boundaries: convergent (where plates collide and form mountains or subduct, one plate dives under another), divergent (where plates move apart and new crust is formed), and transform (where plates slide past each other horizontally). Most earthquakes occur along the convergent and transform boundaries.

The San Andreas Fault in California, USA, is a well-known example of a transform boundary that experiences frequent earthquakes due to the relative motion between the North American Plate and the Pacific Plate. Earthquakes can also occur due to human activities such as mining, drilling, or the injection/extraction of fluids into the ground, but these are known as induced seismicity."
13,13," Earthquakes are caused by the movement and friction of tectonic plates that make up the Earth's lithosphere. The Earth's mantle is semi-fluid, allowing these plates to move slowly but continuously. When two or more plates come into contact with each other, there is a buildup of stress at their boundaries due to the differential motion. This stress can accumulate over long periods and may eventually be released suddenly, resulting in an earthquake.

There are three main types of plate boundaries where earthquakes most commonly occur:

1. Convergent boundaries: Where two plates collide, either head-on (as in a collision between the India and Eurasia plates forming the Himalayas) or sideways (such as the San Andreas Fault system in California). The stress is released in the form of thrust fault earthquakes, where one plate is forced upward beneath another.

2. Divergent boundaries: Where two plates move apart, such as at mid-ocean ridges. Here, new crust is formed by magma rising to fill the gap between the separating plates. The stress release occurs along normal faults, causing the Earth's surface to drop or spread apart.

3. Transform boundaries: Where two plates slide past each other horizontally along a transform fault, like the San Andreas Fault in California. Stress accumulates as the plates grind against one another, and it is released periodically through strike-slip earthquakes, where one plate moves laterally relative to the other without significant vertical displacement.

In addition to tectonic stress, other factors like volcanic activity, fluid pressure changes in fault zones, and even man-made activities can contribute to the occurrence of earthquakes.

Earthquakes are measured using a scale called the Richter Scale, which quantifies the energy released during an earthquake. The magnitude (M) on the Richter Scale is logarithmic, meaning that each whole number increase corresponds to a tenfold increase in total energy released. For example, a magnitude 7 earthquake releases ten times more energy than a magnitude 6 earthquake."
13,14," Earthquakes are caused by the movement and friction of tectonic plates that make up the Earth's lithosphere. The Earth's mantle below the lithosphere is semi-fluid and can flow over long periods. When the motion of adjacent tectonic plates causes a buildup of stress along their boundary, an earthquake can occur when this stress is suddenly relieved. This often happens along fault lines, which are cracks in the Earth's crust caused by the movement of the tectonic plates. The release of energy creates seismic waves that travel through the Earth, causing the ground to shake during an earthquake. Factors such as plate tectonics, geological stresses, and the physical properties of rocks all play a role in the occurrence and severity of earthquakes."
13,15," Earthquakes are primarily caused by the movement and interaction of tectonic plates that make up the Earth's lithosphere. These plates are always in motion due to the molten mantle below, which exerts pressure on them. The most common type of earthquake occurs when these moving plates push against each other, creating friction. After a certain amount of time, the energy built up from this friction is released suddenly as seismic waves, causing the ground to shake, which we perceive as an earthquake.

There are three main types of boundaries where earthquakes typically occur: convergent (where plates collide, such as in the case of the San Andreas Fault), divergent (where plates move away from each other, like at mid-ocean ridges), and transform (where plates slide past each other, like the San Andreas Fault).

Additionally, earthquakes can also be caused by volcanic activity, landslides, mining operations, nuclear tests, and even human activities such as large-scale construction projects. However, most earthquakes are due to tectonic plate movements."
13,16," Earthquakes are caused by the movement and energy release in the Earth's lithosphere, which is the outermost layer of the solid Earth that includes the crust and the uppermost mantle. The lithosphere is broken into several large, irregularly shaped pieces called tectonic plates.

The forces driving these plate movements are primarily due to the convection currents in the underlying hot, semi-fluid asthenosphere, a layer of Earth's mantle just beneath the lithosphere. The heat from the Earth's core causes the mantle to rise and move, which then drives the tectonic plates to shift positions.

The boundary areas between tectonic plates are known as plate boundaries. There are three main types of plate boundaries: convergent (where plates collide), divergent (where plates separate), and transform (where plates slide past each other horizontally). Earthquakes most commonly occur along convergent and transform plate boundaries, where there is significant stress accumulation due to the opposing forces between the moving plates.

When the stress at a particular location within the Earth's crust exceeds its strength, the rocks suddenly deform, releasing energy in the form of seismic waves that propagate through the Earth and cause the ground shaking we feel as an earthquake. The release of this energy can also lead to landslides, tsunamis, and other geohazards."
14,1," Dreams are a mysterious and fascinating aspect of human psychology, and their exact purpose is still not fully understood by scientists. However, there are several theories about why we dream:

1. The Activation-Synthesis Theory (Freud, 1953): This theory, proposed by J. Allan Hobson and Robert McCarley in 1977, suggests that dreams are a product of the brain's attempt to make sense of random neural activity during sleep. According to this theory, our brains produce a mix of random thoughts, memories, and emotions while we sleep, and the brain's higher centers synthesize these experiences into coherent dream scenarios to help us interpret and understand them when we wake up.
2. The Threat Simulation Theory (Domhoff, 1996): This theory posits that dreams serve as a kind of emotional rehearsal for real-life situations. Dreams allow us to process and prepare for threats or stressors in our waking lives by simulating these experiences in our dreams.
3. The Memory Consolidation Theory (Stickgold & Walker, 2013): This theory suggests that dreams play a role in consolidating and organizing memories from our waking lives. During sleep, our brains replay and process the events of the day, strengthening connections between neurons and helping us remember them more effectively.
4. The Cognitive Development Theory (Cartwright & Cole, 1970): This theory proposes that dreams serve as a way for children to explore and make sense of their developing worldview. Dreams allow children to test out new ideas, roles, and identities in a safe and imaginary environment before applying them to their waking lives.
5. The Dream Incubation Theory (Celebicihan, 2014): This theory suggests that people can use specific techniques, such as focused concentration or repeating a specific request before falling asleep, to influence the content of their dreams and potentially solve real-life problems or gain insights.

Overall, it's likely that dreams serve multiple functions, and the reasons why we dream may vary depending on our individual experiences, developmental stage, and cultural background. While there is still much to be learned about dreams, they continue to captivate and fascinate researchers and laypeople alike."
14,2," Dreams are a natural part of the human sleep cycle and their exact purpose is not fully understood, but several theories have been proposed. Here are some of the most popular ones:

1. Psychological Release Theory: Dreams help the brain process and release emotions, thoughts, and experiences from our daily lives.
2. Activation-Synthesis Theory: Dreams are a result of electrical brain activity during sleep that the brain tries to make sense of by creating stories and scenarios.
3. Threat Simulation Theory: Dreams help us prepare for potential threats or challenges in waking life by simulating various situations and scenarios.
4. Cognitive Development Theory: Dreams play a role in learning and problem-solving by allowing the brain to work on solutions while we sleep.
5. Survival Mechanism Theory: Dreams help conserve energy during sleep by simulating physical activities like hunting or running, which could have been important for survival in our ancestral past.

Ultimately, dreams are a complex and fascinating aspect of human consciousness that continue to be studied by scientists and psychologists around the world."
14,3," Dreams are a natural and universal phenomenon that occur during sleep. The exact reason for why we dream remains a mystery, but several theories have been proposed over the years:

1. Activation-synthesis theory (Hobson and McCarley, 1977): This theory suggests that dreams serve as a way for the brain to make sense of random neural activity during sleep. As the brain processes these signals, it synthesizes them into a coherent story or sequence of events, resulting in a dream.

2. Threat simulation theory (Solms and Turnbull, 2002): This theory proposes that dreams serve as a means for the brain to rehearse potential threats and develop coping strategies. The vividness and emotional intensity of some dreams can be seen as evidence for this theory.

3. Psychoanalytic theory (Freud, 1900): According to Sigmund Freud, dreams function as a ""wish-fulfillment"" mechanism. He believed that repressed desires and conflicts from our waking life find expression in our dreams.

4. Cognitive theory (Cartwright, 1975): This theory suggests that dreams are the result of our brain trying to process new information, consolidate memories, and solve problems while we sleep.

It is important to note that these theories are not mutually exclusive and may work together to some degree. Further research is needed to fully understand the complex nature of dreaming."
14,4," Dreams are a mysterious and fascinating aspect of human consciousness. While the exact purpose or function of dreams remains a subject of debate among scientists, psychologists, and philosophers, there are several theories that attempt to explain why we dream.

1. The Activation-Synthesis Theory (Hobson and McCarley, 1977): This theory proposes that our brains generate dreams during the rapid eye movement (REM) sleep stage as a way of making sense of random neural activity. In other words, the brain creates dream stories to interpret the chaos of the neural firing patterns occurring during REM sleep.

2. The Threat Simulation Theory: Some researchers argue that dreams serve as a means for our brains to simulate and process potential threats or dangers we might encounter in waking life. By reliving these scenarios in our dreams, our brain can better prepare us to respond effectively if similar situations arise in the future.

3. The Cognitive Processing Theory: This theory suggests that dreams help us process emotions, memories, and experiences from our daily lives by allowing us to revisit and work through unresolved issues or conflicts. By examining and reflecting on these dream scenarios, we can gain a better understanding of ourselves and the world around us.

4. The Memory Consolidation Theory: Some studies indicate that dreams may play a role in consolidating and organizing memories, particularly emotional ones. During sleep, our brain appears to replay and integrate various events from our day, helping us remember them more effectively.

5. The Developmental Theory: This theory proposes that dreaming is essential for normal cognitive development, as it allows the brain to grow and mature by processing complex thoughts and emotions. Dreams may also help us develop problem-solving skills, creativity, and imagination.

In summary, while dreams remain a fascinating mystery, several theories suggest they serve crucial functions such as memory consolidation, emotion regulation, threat simulation, cognitive processing, and even developmental growth. Regardless of the specific reasons why we dream, they continue to captivate and intrigue us, offering a window into the deepest recesses of the human mind."
14,5," Dreaming is a mysterious and complex phenomenon that scientists and psychologists are still trying to fully understand. Here's a simplified explanation of the current theories:

1. Activation-synthesis theory (by J. Allan Hobson and Robert McCarley): This theory suggests that our brain does not record and playback memories during sleep like a video tape, but instead creates dreams as a result of random neural activity in the brain combined with an attempt by the brain to make sense of this randomness. During rapid eye movement (REM) sleep, when most dreaming occurs, the brain becomes more active, similar to when it's awake. The brainstem generates random signals that are interpreted by the cortex (the thinking part of the brain), which tries to make sense of these signals and create a storyline out of them.

2. Threshold theory: This theory proposes that dreaming occurs as thoughts from waking life leak into REM sleep, causing dreams to be more vivid and interconnected with our daily experiences. As we fall asleep, the threshold between wakefulness and sleep becomes increasingly thin, allowing thoughts and experiences from the day to influence dreams.

3. Cognitive development theory (by Calvin Hall and Robert Domhoff): This theory suggests that dreams are a reflection of unresolved issues or problems in our waking lives. Dreams allow us to work through these issues and gain insight into our feelings and thoughts, helping us to better cope with challenges in our daily lives.

4. Information processing theory: This theory posits that dreaming helps the brain process and consolidate memories, emotions, and experiences from the day. During sleep, the brain sorts through and organizes this information, which can lead to dreaming as a byproduct of this processing.

It's important to note that these theories are not mutually exclusive and may all play a role in understanding why we dream. Additionally, dreams can vary greatly among individuals, making it challenging to form a single, definitive explanation for their purpose. Dreaming is a fascinating topic with much left to explore and discover!"
14,6," Dreams are a mysterious and fascinating aspect of human psychology, and the exact reason for why we dream is still not fully understood. However, there are several theories about the functions and purposes of dreams that have been proposed by researchers over the years.

1. The Threat Simulation Theory: According to this theory, dreams allow our brains to simulate threats or dangerous situations in a safe environment, allowing us to practice survival skills and prepare for potential real-life dangers.
2. The Psychoanalytic Theory: Sigmund Freud proposed that dreams serve as a ""royal road"" to the unconscious mind, allowing repressed thoughts, desires, and fears to surface.
3. The Activation-Synthesis Theory: This theory suggests that dreaming is simply the brain's attempt to make sense of random neural activity during sleep. Essentially, our brains are creating stories out of chaos.
4. The Memory Consolidation Theory: Some researchers believe that dreams help us process and consolidate memories from our waking life, by rehearsing new information or integrating it into existing knowledge structures.
5. The Cognitive Development Theory: This theory posits that dreams play a role in cognitive development, helping children learn to problem-solve, make decisions, and develop their self-concept.
6. The Emotional Regulation Theory: Some researchers believe that dreams allow us to work through and process emotions, particularly negative ones, that may have been repressed during our waking hours.
7. The Brain Energy Conservation Theory: This theory suggests that dreaming helps conserve energy by allowing the brain to rest while still processing important information.
8. The REM Sleep Behavior Disorder Theory: Some researchers propose that dreams are a means of keeping us from acting out our dreams in real life, as seen in individuals with REM sleep behavior disorder, who physically act out their dreams during sleep.
9. The Evolutionary Psychology Theory: This theory posits that dreams evolved to help our ancestors process and make sense of their environment, helping them survive and pass on their genes to future generations."
14,7," Dreaming is a natural and universal phenomenon that occurs during sleep, particularly during REM (Rapid Eye Movement) sleep. While the exact purpose of dreams is still not fully understood, several theories have been proposed to explain them:

1. Activation-Synthesis Theory: This theory suggests that dreaming is the brain's attempt to make sense of random neural activity during sleep. The brain generates dream content as it tries to synthesize and interpret this activity.
2. Threat Simulation Theory: According to this theory, dreams serve an evolutionary purpose by helping us process emotional experiences, particularly those related to threats or dangers. Dreams may allow us to rehearse and learn from these experiences in a safe environment, preparing us for real-life situations.
3. Wish Fulfillment Theory: Freud's psychoanalytic theory proposes that dreams serve as a means of wish fulfillment, allowing the unconscious mind to express repressed desires and anxieties.
4. Memory Consolidation Theory: This theory suggests that dreaming plays a role in consolidating and organizing memories from our waking experiences. Dreams may help us integrate new information into our existing knowledge structures and make connections between unrelated ideas.
5. Problem-Solving Theory: Some researchers believe that dreams can facilitate problem-solving by allowing the brain to work on solutions subconsciously while we sleep. Dreams may provide insights or creative ideas that might be difficult to access during waking consciousness.
6. Emotional Regulation Theory: This theory posits that dreams serve as a means of emotional regulation, helping us process and manage strong emotions such as fear, anger, sadness, and happiness. Dreaming may allow us to work through these emotions in a safe environment before we encounter them in our waking lives.
7. Brain Network Integration Theory: This theory suggests that dreaming is a result of the brain integrating information from multiple networks, including sensory, motor, emotional, and cognitive networks. Dreams may represent an attempt to create a coherent narrative from these diverse sources of information.

While these theories offer insight into the possible functions of dreams, it is likely that dreaming serves multiple purposes and plays a role in various aspects of cognitive processing and emotional regulation. More research is needed to fully understand the complex nature of dreaming and its function within the human brain."
14,8," Dreams are a natural part of the human sleep cycle, and while the exact reason behind them is still not fully understood, several theories have been proposed by scientists and psychologists. Here are some popular explanations:

1. Activation-synthesis theory: This theory was first introduced by J. Allan Hobson and Robert McCarley in 1977. According to this theory, dreams are the brain's attempt to make sense of random neural activity that occurs during sleep, especially REM (Rapid Eye Movement) sleep. The brain uses information from daily experiences, emotions, thoughts, and memories to create a coherent narrative out of these random signals.

2. Threat simulation theory: Some researchers believe that dreams help the brain process unresolved conflicts or stressors from waking life by simulating threatening situations in dreams. This helps the individual to develop strategies for dealing with real-life challenges and reduces anxiety.

3. Memory consolidation and processing: Dreams may play a role in organizing and storing memories, strengthening emotional connections, and integrating new experiences into existing knowledge structures.

4. Problem-solving and creativity: Dreams might help facilitate problem-solving by allowing the brain to work on solutions subconsciously, free from cognitive biases or constraints present during waking hours. Some people report experiencing creative insights or discovering novel solutions in their dreams.

5. Emotional regulation: Dreams can provide an outlet for processing and managing emotions, particularly strong feelings that may be difficult to express or deal with while awake. By working through these emotions in dreams, individuals may feel better prepared to handle similar situations in real life.

6. Brain development: Some researchers suggest that dreaming is a byproduct of the complex neural connections that form during brain development, especially during childhood and adolescence. Dreams might serve as a way for the developing brain to practice organizing thoughts, emotions, and experiences."
14,9," Dreams are a fascinating aspect of human sleep, and they remain somewhat of a mystery. While the exact purpose of dreams is still debated among scientists, there are several theories about why we dream:

1. The Activation-Synthesis Theory (Freud's Psychodynamic Theory): Sigmund Freud suggested that dreams allow the mind to express unconscious desires and repressed thoughts in a symbolic form. According to this theory, our brains create dreams as a means of making sense of random neural activity during sleep.

2. Threat Simulation Theory: This theory proposes that dreaming serves an evolutionary function by allowing us to rehearse potential threats or challenges we might encounter and develop strategies for dealing with them.

3. Cognitive Processing Theory: Another popular theory is that dreams serve as a way for the brain to process and consolidate memories, emotions, and experiences from our waking lives. During dreaming, our brains may be sifting through information, sorting out important details, and making connections between different ideas.

4. Energy Conservation Theory: Some researchers believe that dreaming helps the body conserve energy by allowing it to cycle through various stages of sleep more efficiently.

5. Brain Development Theory: Dreams may also play a role in brain development, particularly during childhood when rapid growth and development occur. They could be a way for the brain to practice connecting various regions and refining neural connections.

It's important to note that these theories are not mutually exclusive, and it is likely that dreaming serves multiple functions. More research is needed to fully understand the purpose of dreams and their role in human psychology and physiology."
14,10," Dreams are a complex phenomenon that science is still trying to fully understand, but it's believed that they serve several potential purposes:

1. Processing emotions and memories: Dreams may help the brain process emotions and experiences from our daily lives, allowing us to make sense of them and cope with them more effectively.

2. Problem-solving: Some researchers suggest that dreams might be a way for our brains to work through problems we are facing in our waking lives. During sleep, the brain is free to explore different solutions without the constraints of reality.

3. Memory consolidation: Dreams may play a role in strengthening and organizing memories from our day-to-day experiences. This could help us learn and remember information more efficiently.

4. Brain stimulation: The random and creative nature of dreams is thought to be the result of neural activity in various regions of the brain, which helps maintain healthy connections between neurons and promote overall brain function.

5. Cultural influences: Throughout history, dreams have been interpreted in many ways across different cultures and have often played a significant role in art, literature, and spiritual beliefs. While these interpretations may not necessarily reflect the biological functions of dreaming, they highlight the importance people have placed on understanding their dreams throughout history."
14,11," Dreams are a natural part of the human sleep cycle and are believed to be the result of various brain activities during sleep. While the exact reason for dreams remains a topic of ongoing research, several theories have been proposed to explain them:

1. Activation-synthesis theory (Freud, 1900): According to this theory, dreams are the brain's attempt to make sense of random nerve impulses during sleep. The brain creates stories and images to help us understand these impulses, which often don't have any meaning in reality.

2. Threat simulation theory (Arthur C. McNaughton): This theory suggests that dreams serve as a means for the brain to simulate different scenarios to prepare individuals for real-life threats or challenges. It implies that dreaming helps us develop problem-solving skills and enhance our survival instincts.

3. Thinking through emotions theory: Dreams may allow people to process their feelings, thoughts, and emotions, providing a safe space to work through complex issues and experiences. This can help reduce stress levels and improve mental wellbeing.

4. Memory consolidation and processing: Dreams could play a role in organizing, storing, and reinforcing memories from our daily lives. By integrating new information with existing knowledge, dreams might help us learn more effectively.

5. Brain housekeeping theory (Jasper Hendrik Stompe): This theory proposes that dreaming serves as a way for the brain to ""clean"" itself by flushing out unnecessary synaptic connections and maintaining neural plasticity."
14,12," Dreams are a natural part of the human sleep cycle and they have fascinated humans for thousands of years. The exact reason why people dream is still not fully understood, but researchers have proposed several theories:

1. Threat Simulation Theory: This theory suggests that dreams help us process and prepare us for real-life situations by simulating potential threats or challenges we might encounter.
2. Activation-Synthesis Theory: According to this theory, our brains are constantly receiving signals from various sources during sleep, such as sensory input, thoughts, emotions, and memories. During REM (Rapid Eye Movement) sleep, the brain's limbic system generates bizarre and illogical images, while the neocortex tries to make sense of these images by forming a coherent narrative or dream.
3. Psychoanalytic Theory: Sigmund Freud proposed that dreams are the ""royal road"" to the unconscious mind. He believed that dreams allow us to express repressed desires and wishes in a disguised form, providing insight into our subconscious thoughts and feelings.
4. Cognitive Development Theory: This theory suggests that dreaming is a byproduct of cognitive development during childhood. As children grow and learn to think abstractly, their brains begin to process dreams as a way to consolidate memories, resolve emotional conflicts, and practice problem-solving skills.
5. Memory Consolidation Theory: Some researchers believe that dreams help us process and consolidate memories from our waking lives, especially those related to emotionally charged events or new information we have learned.

It's important to note that these theories are not mutually exclusive and may all contribute in different ways to the phenomenon of dreaming. Dreams remain a fascinating mystery that continues to captivate researchers and dreamers alike."
14,13," Dreams are a natural and universal experience that occurs during various stages of sleep, particularly REM (Rapid Eye Movement) sleep. While the exact purpose of dreams remains a topic of ongoing research and debate among scientists, several theories have been proposed to explain why people dream:

1. Activation-synthesis theory: This theory, proposed by J. Allan Hobson and Robert McCarley in 1977, suggests that dreams are the brain's attempt to make sense of random neural activity during sleep. According to this theory, the brain is constantly bombarded with sensory input even while we sleep, and our brains create dream stories as a way to organize and interpret these signals.

2. Threat simulation theory: Some researchers believe that dreams help us process and prepare for potential threats or challenges in our waking lives. This theory suggests that dreams allow the brain to simulate and rehearse various scenarios, helping us develop problem-solving skills and emotional responses to real-life situations.

3. Wish fulfillment theory: Freud's psychoanalytic perspective posits that dreams serve as a way for our unconscious desires and wishes to surface. According to this theory, dreams allow us to explore repressed emotions, desires, and fantasies in a safe environment.

4. Memory consolidation and processing: Another popular theory is that dreams play a role in memory consolidation and organization. During sleep, the brain processes and integrates new information from our waking experiences, and dreams may help facilitate this process by linking newly acquired knowledge to existing memories.

5. Emotional regulation: Dreams may also help us regulate emotions by allowing us to work through complex feelings or unresolved issues that we might not be able to address during our waking hours.

Ultimately, dreams remain a fascinating and mysterious aspect of human consciousness, and research into their purpose continues to evolve as our understanding of the brain and its processes grows."
14,14," Dreams are a natural part of the human sleep cycle and have been a subject of fascination for centuries. While the exact purpose of dreams is still not fully understood, several theories have been proposed by researchers:

1. Threat Simulation Theory: This theory suggests that dreams help us process and prepare for potential threats or dangerous situations by simulating these experiences during sleep.

2. Psychoanalytic Theory: According to Sigmund Freud, dreams are the ""royal road"" to the unconscious mind, providing insights into our repressed desires, fears, and memories.

3. Activation-Synthesis Theory: This theory proposes that dreams are a result of the brain's attempts to make sense of random neural activity during sleep, creating stories or scenarios in the process.

4. Memory Consolidation Theory: Dreams might play a role in consolidating and organizing memories, helping us process and remember information more effectively.

5. Cognitive Development Theory: Some researchers believe that dreams are essential for cognitive development and problem-solving skills, as they allow the brain to work through complex issues and find solutions.

6. Emotional Regulation Theory: Dreams may help regulate emotions by providing a safe space to experience and process strong feelings, such as fear or anxiety, without experiencing them in waking life."
14,15," Dreams are a mysterious and fascinating aspect of human psychology, and the exact reason behind them remains a subject of much debate among scientists, psychologists, and philosophers. However, there are several theories that attempt to explain why we dream:

1. Activation-Synthesis Theory (Frederick Hobson, 1977): This theory suggests that our brain creates dreams as a way of making sense out of random neural activity during sleep. The brain's effort to create a meaningful narrative from this activity results in the formation of dreams.

2. Threat Simulation Theory (Antonio Damasio, 1994): According to this theory, dreaming serves as a kind of ""rehearsal"" for real-life situations and challenges, allowing us to prepare for potential threats and improve problem-solving abilities.

3. Memory Consolidation Theory: This theory proposes that dreams play a role in helping us process and consolidate memories from our waking life. During sleep, the brain forms connections between new experiences and existing knowledge, which may be represented as images, emotions, or stories in our dreams.

4. Wish Fulfillment Theory (Sigmund Freud, 1899): Freud suggested that dreams allow us to fulfill unconscious desires, providing an outlet for repressed thoughts and fantasies. This theory has been largely discredited by contemporary psychologists but remains influential in popular culture.

5. Brain-State Activation Theory (Jennifer Hobson and Robert McCarley, 1977): This theory posits that dream content is determined by the specific brain states that occur during sleep stages. For example, REM (Rapid Eye Movement) sleep is associated with more vivid, emotional dreams, while non-REM sleep tends to produce simpler, less emotional dreams.

These theories are not mutually exclusive and may work together in various ways to explain the complex nature of dreaming. Further research will continue to shed light on this intriguing phenomenon."
14,16," Dreams are a natural part of the human sleep cycle, and while their exact purpose is still not fully understood, several theories exist about why we dream. Here are some of them:

1. Thinking through emotions and experiences: Dreaming allows us to process and make sense of our feelings, thoughts, and events that happened during the day. It's a way for our subconscious mind to work through complex issues, sort out our thoughts, and find solutions to problems.

2. Brain housekeeping: Some scientists believe that dreaming helps in consolidating memories, learning, and problem-solving by organizing and reinforcing neural connections in the brain. It might also help clear out unnecessary information or ""noise"" from our minds.

3. Psychoanalytic theory: Sigmund Freud proposed the idea that dreams are a manifestation of repressed desires, wishes, and instinctual urges that we may not be consciously aware of. According to this theory, dreams help us deal with these unconscious feelings in a safe and symbolic manner.

4. Activation-synthesis theory: This theory suggests that dreaming arises from the brain's attempt to make sense of random neural activity during sleep, rather than reflecting our real experiences or emotions. The brain creates vivid, sometimes bizarre narratives to explain the random signals it receives during REM (rapid eye movement) sleep.

5. Evolutionary function: Some researchers speculate that dreaming may have had a survival value for early humans by simulating real-life situations and helping us prepare for potential dangers or opportunities. This theory, however, is less supported by empirical evidence compared to the other theories mentioned above."
