prompt_id,n_value,candidate_id,response
1,2,1," Weather refers to short-term atmospheric conditions in a specific place, such as temperature, humidity, precipitation, wind speed, cloud cover, air pressure, and visibility. It can change from minute-to-minute or hour-to-hour, day-to-day, and season-to-season.

Climate, on the other hand, refers to the long-term patterns of weather in a particular region over a period of 30 years or more. Climate is determined by factors such as latitude, altitude, proximity to large bodies of water, and ocean currents. Climate influences the kinds of plants and animals that live in an area, human activities and settlement patterns, agriculture, and other aspects of society.

In summary, weather describes the daily or hourly atmospheric conditions, while climate is the long-term average of these conditions over a period of years."
1,2,2," Weather and climate are two related but distinct concepts in meteorology.

1. Weather refers to short-term atmospheric conditions in a specific place at a particular time, such as temperature, humidity, precipitation, cloud cover, wind direction, and air pressure. Weather can change rapidly over hours or days, and it is often described using daily weather forecasts.

2. Climate, on the other hand, refers to long-term patterns of weather in a region over a period of 30 years or more. Climate is characterized by average temperatures, precipitation amounts, humidity levels, and wind patterns during specific seasons and over extended periods. It reflects the overall atmospheric conditions in a particular area, including trends and variations in temperature, precipitation, and other weather elements.

In summary, while weather is what you experience on a day-to-day basis, climate is the long-term pattern of those daily weather events. Understanding both is crucial for various applications, such as agriculture, infrastructure planning, and natural disaster preparedness."
2,2,1," When a living being dies, the body ceases to function. The heart stops beating, breathing stops, and brain activity ends. The exact process can vary depending on the species, but in humans, it's often marked by cardiac arrest followed by respiratory arrest.

From a biological perspective, the cells in the body start to break down due to lack of oxygen and nutrients. Over time, the body begins to decompose and is eventually returned to nature or undergoes cremation or burial.

In many cultures and religions, death is not just seen as a physical event but also has spiritual or metaphysical implications. These beliefs vary widely and are deeply rooted in cultural and personal beliefs, philosophies, and religious traditions. It's important to note that these discussions often involve complex and sensitive topics, so it's essential to approach them with respect and understanding for individual beliefs."
2,2,2," The biological process of death is the cessation of all biological functions that define life. This includes the stopping of the heart, brain activity, and breathing. After death, the body begins to decompose due to natural processes, such as bacterial activity, which eventually lead to the breakdown of bodily tissues.

In many cultures and religions, beliefs about what happens after death vary widely, including concepts such as an afterlife, reincarnation, or heaven and hell. These are philosophical and metaphysical discussions that go beyond the scope of science.

From a scientific perspective, when you die, your body ceases to be a living organism and eventually breaks down, but from a cultural or religious perspective, interpretations can greatly vary."
3,2,1," High blood pressure, also known as hypertension, can be caused by several factors. Here are some of the most common ones:

1. Lifestyle Factors: Unhealthy lifestyle choices can contribute to high blood pressure. These include a diet high in salt, fat, and cholesterol, lack of physical activity, smoking, and excessive alcohol consumption.

2. Obesity: Being overweight or obese increases the risk of developing high blood pressure.

3. Age: The risk of high blood pressure increases as you get older.

4. Genetics: A family history of high blood pressure can increase your risk. Certain genes that regulate kidney function and salt balance in the body may play a role.

5. Chronic Kidney Disease: Damage to the kidneys over time can lead to the retention of fluid, which can raise blood pressure.

6. Hormonal Issues: Certain hormones can affect your blood vessels and heart, leading to high blood pressure. Conditions like Cushing's syndrome (an excess of the hormone cortisol) and hyperthyroidism (overactive thyroid gland) can contribute to high blood pressure.

7. Chronic Stress: Long-term stress can cause changes in the body that lead to health problems, including high blood pressure.

8. Sleep Apnea: This sleep disorder is associated with an increased risk of high blood pressure.

9. Alcohol Consumption: Regularly drinking more than moderate amounts of alcohol can increase your risk of high blood pressure.

10. Sedentary Lifestyle: A lack of physical activity can contribute to weight gain and obesity, which in turn can lead to high blood pressure.

It's important to note that multiple factors often contribute to high blood pressure, and the specific causes can vary from person to person. If you suspect you have high blood pressure, it's essential to consult with a healthcare provider for an accurate diagnosis and treatment plan."
3,2,2," High blood pressure, also known as hypertension, can be caused by a variety of factors. Here are some common ones:

1. Lack of physical activity: A sedentary lifestyle can increase the risk of developing high blood pressure. Regular exercise helps keep your heart healthy and lowers blood pressure.

2. Unhealthy diet: Consuming too much salt, fat, and processed foods can contribute to high blood pressure. On the other hand, a diet rich in fruits, vegetables, lean proteins, and whole grains can help lower blood pressure.

3. Obesity: Excess weight, particularly around the waist, increases the risk of high blood pressure. Maintaining a healthy weight can help reduce this risk.

4. Alcohol consumption: Drinking too much alcohol can raise blood pressure by several points. Moderate drinking (up to one drink per day for women and up to two drinks per day for men, according to the Dietary Guidelines for Americans) is not known to increase the risk of developing high blood pressure if no other risk factors are present.

5. Tobacco use: Smoking or using tobacco products can damage the lining of your artery walls, making them thicker and less elastic. This makes it harder for blood to flow through your arteries, which increases your blood pressure.

6. Stress: Chronic stress can affect blood pressure. High levels of stress can lead your body to produce hormones like adrenaline and cortisol, which can cause your heart to beat faster and your blood vessels to constrict. Over time, this can lead to high blood pressure.

7. Age: The risk of high blood pressure increases as you age. This may be due to changes in the body's kidneys and arteries over time.

8. Genetics: High blood pressure can run in families. If one or both of your parents have high blood pressure, you may have an increased risk of developing it yourself.

9. Chronic Kidney Disease: The kidneys play a role in regulating blood pressure. Chronic kidney disease can impair this function and lead to high blood pressure.

10. Sleep Apnea: This condition causes repeated pauses in breathing during sleep, which can increase your risk of high blood pressure.

It's important to note that sometimes the cause of high blood pressure is unknown and is referred to as essential or primary hypertension. In these cases, lifestyle modifications and medication are usually used to manage the condition. If you suspect you have high blood pressure, it's best to consult with a healthcare professional for accurate diagnosis and treatment options."
4,2,1," The COVID-19 pandemic started in late 2019. It was first identified in Wuhan, China, and the World Health Organization (WHO) was informed about a cluster of cases on December 31, 2019. The cause was subsequently identified as a novel coronavirus, which was named Severe Acute Respiratory Syndrome Coronavirus 2 (SARS-CoV-2). The first confirmed case is generally accepted to have occurred in November or early December of 2019. However, the exact origins and initial spread are still subjects of ongoing research and investigation."
4,2,2," The COVID-19 pandemic started in Wuhan, China, towards the end of 2019. The first known case was reported on December 8, 2019. However, it's believed that the virus started spreading in the city before that. The virus is caused by a novel coronavirus known as SARS-CoV-2.

The World Health Organization (WHO) was informed of multiple cases of pneumonia of unknown cause detected in Wuhan on December 31, 2019. On January 7, 2020, Chinese authorities identified the virus as a novel coronavirus and on February 11, 2020, it was officially named SARS-CoV-2 by the WHO, and the disease caused by this virus was named COVID-19.

The rapid spread of the virus around the world led to the declaration of a global pandemic by the WHO on March 11, 2020."
5,2,1," The sky appears blue due to a natural phenomenon called Rayleigh scattering. When sunlight reaches Earth's atmosphere, it interacts with the air molecules and gets scattered in all directions. Blue light has shorter wavelengths and gets scattered more easily than other colors such as red or yellow, which have longer wavelengths. As you look up at the sky, you primarily see the blue light that has been scattered rather than the direct sunlight because it is the most prevalent color that has been scattered towards your line of sight.

However, during sunrise and sunset, you may observe a red or orange-colored sky. This happens because during these times, the sun is lower in the sky, and its light has to pass through more of Earth's atmosphere. The shorter blue wavelengths get scattered out of the way before reaching your eyes, leaving mostly the longer red and orange wavelengths to create the beautiful hues we see in a sunrise or sunset."
5,2,2," The reason the sky appears blue during a clear day is due to a process called Rayleigh scattering.

When sunlight reaches Earth, it is made up of different colors, each with a specific wavelength. Blue light has a shorter wavelength than other visible colors like red or yellow. As sunlight enters our atmosphere, the molecules and tiny particles in the air scatter the sun's light. Blue light is scattered more because it travels in smaller, shorter waves. This scattered blue light gets scattered again by other molecules and particles, which causes it to travel in various directions throughout the sky.

As more blue light scatters than other colors, we perceive the sky as blue during a clear day. At sunrise and sunset, the longer wavelengths (red, orange, and yellow) are scattered less because they have larger wavelengths, which allows those colors to reach our eyes more directly, making the sky appear red, pink, or orange."
6,2,1," Hiccups, medically known as synchronous diaphragm flutter (SDF), are a common and usually harmless involuntary spasm of the diaphragm, followed by rapid closure of the glottis, which produces the characteristic ""hic"" sound. The exact cause of hiccups isn't fully understood, but several theories exist:

1. Irritation of the phrenic nerve (the nerve that controls the diaphragm) is a leading theory. This irritation could be caused by overeating, drinking carbonated beverages too quickly, swallowing air, or consuming spicy foods.
2. Central nervous system dysfunction: Some researchers believe that hiccups may occur due to abnormalities in the functioning of the brainstem, which controls the diaphragm and other respiratory muscles.
3. Phrenic nerve stimulation by other nerves or structures within the chest cavity, such as the esophagus or stomach, can also cause hiccups.
4. Changes in blood carbon dioxide levels may play a role in inducing hiccups, but this is less supported compared to the other theories.

While the exact cause of hiccups remains unclear, it's important to note that most cases are temporary and do not require medical attention. If hiccups persist for more than a few days or are accompanied by other unusual symptoms, it is advisable to consult with a healthcare professional."
6,2,2," Hiccups are caused by a sudden involuntary contraction of the diaphragm followed by rapid closure of the glottis, which is the opening between the vocal cords. This spasm-like action creates the characteristic ""hic"" sound. The exact cause of hiccups isn't fully understood, but they can be triggered by various factors such as:

1. Swallowing too much air or food too quickly.
2. Eating large meals or consuming spicy or rich foods.
3. Drinking carbonated beverages or alcohol.
4. Emotional stress, excitement, or anxiety.
5. Certain medications, such as steroids and sedatives.
6. Inner ear disturbances.
7. Central nervous system disorders.
8. Gastrointestinal issues like irritation of the stomach lining or intestines.
9. Chest wall injury or disease.
10. Low blood sugar levels (hypoglycemia).

Hiccups are usually harmless and self-resolving, but persistent hiccups (lasting more than 48 hours) can indicate an underlying medical condition, so it's important to seek medical attention if they persist for an extended period."
7,2,1," Photosynthesis is a fundamental biological process that green plants, algae, and some bacteria carry out. It involves converting carbon dioxide from the air, water, sunlight, and nutrients to create glucose (a type of sugar) and release oxygen as a byproduct. This process is essential for life on Earth because it produces most of the world's oxygen and serves as the primary source of energy for virtually all living organisms. Photosynthesis also helps to balance carbon dioxide levels in the atmosphere, playing a crucial role in regulating climate."
7,2,2," Photosynthesis is a process used by plants, algae, and certain bacteria to convert carbon dioxide, water, and sunlight into glucose (a type of sugar) and oxygen. In simpler terms, it's the way these organisms make their own food and release oxygen into the atmosphere. This process is essential for life on Earth as it provides the oxygen that animals need to breathe and serves as a source of energy for all living things."
8,2,1," A seatbelt is a safety device designed to protect vehicle occupants during accidents or sudden stops. Its primary purpose is to restrain and cushion the body against impact forces, reducing the risk of injury to the head, neck, chest, and abdomen.

When a collision occurs, the seatbelt helps keep the occupant in an upright position and limits their forward movement. This reduces the potential for contact with hard surfaces within the vehicle, such as the dashboard or windshield, which can cause serious injury or death. The three-point seatbelt design (lap and shoulder belt) offers additional protection by distributing the force of the impact across the stronger parts of the body, including the hips and chest, rather than just the weaker neck area.

Seatbelts have been credited with saving countless lives since their introduction in automobiles, making them an essential safety feature for both drivers and passengers."
8,2,2," A seatbelt's primary purpose is to protect vehicle occupants during a collision or sudden stop. It does this by distributing the force of the impact over the body's larger areas, reducing the risk of injury. Seatbelts work by restraining the upper torso and pelvis, keeping the occupant in the correct seating position and limiting their movement forward, backward, or sideways during a crash. This can prevent injuries such as head injuries from hitting hard surfaces, fractures from being thrown against the interior of the vehicle, and ejections from the vehicle during high-speed crashes. Seatbelts are an essential safety feature in vehicles and are required by law in most jurisdictions."
9,2,1," A library is a place where books, digital media, and other resources are collected, organized, and made available for use by the public or a specific group. Libraries may also provide services such as internet access, study rooms, educational programs, and community events. They serve as cultural institutions that promote literacy, learning, and knowledge sharing.

Libraries can be physical spaces, like public libraries, school libraries, or specialized libraries for research purposes, or they can exist online, offering digital resources and services. In both cases, the primary goal is to provide easy access to information and educational materials for individuals of all ages and backgrounds."
9,2,2," A library is a physical or digital collection of resources, typically organized for easy access and use. Libraries can contain various types of materials such as books, periodicals, manuscripts, films, music recordings, and digital media. The main purpose of a library is to provide access to information and foster learning, research, and personal development.

Libraries often offer services like lending books, providing study spaces, offering online databases and resources, hosting events, and offering research assistance. They also play an important role in preserving cultural heritage by maintaining collections that reflect the history and diversity of a community or society. Physical libraries can be public, academic, special, school, or corporate libraries, each catering to specific audiences with unique needs. In the digital age, online libraries have become increasingly popular for their convenience and accessibility."
10,2,1," An eclipse is a natural phenomenon that occurs when one celestial body passes in front of or enters the shadow of another celestial body. There are three main types of eclipses: solar, lunar, and penumbral.

1. Solar Eclipse: A solar eclipse occurs when the Moon moves between Earth and the Sun, blocking all or part of the Sun's light from reaching Earth. During a total solar eclipse, the Moon completely covers the Sun, causing the day to turn temporarily into night.

2. Lunar Eclipse: A lunar eclipse happens when Earth comes between the Sun and the Moon, casting Earth's shadow on the Moon. The Moon can take on various shades of red during a total lunar eclipse, known as a blood moon.

3. Penumbral Eclipse: In a penumbral eclipse, only the Moon's outer penumbra is affected by Earth or another celestial body. These types of eclipses are less noticeable than solar and lunar eclipses since they don't cause significant brightness changes on the Moon or Sun.

Eclipses can occur at any time but are most visible during twilight or nighttime, depending on the type of eclipse. They have been observed and celebrated throughout history due to their unique and awe-inspiring nature."
10,2,2," An eclipse is a natural phenomenon that occurs when one celestial body passes in front of or enters the shadow of another. There are mainly three types of eclipses: solar, lunar, and planetary eclipses.

1. Solar Eclipse: A solar eclipse happens when the Moon moves between Earth and the Sun, blocking all or some of the Sun's light from reaching the Earth. During a total solar eclipse, the Moon completely covers the Sun, creating a spectacular sight with the sun's corona visible around the moon.

2. Lunar Eclipse: A lunar eclipse occurs when the Earth moves between the Sun and the Moon, causing the Earth to block some or all of the sunlight that reaches the Moon. The Moon can turn red during a total lunar eclipse due to refraction of sunset light in Earth's atmosphere, which is known as the Blood Moon.

3. Planetary Eclipse: A planetary eclipse occurs when one celestial body passes into the shadow of another, such as an asteroid passing in front of a star or a planet transiting across the Sun (transit). Mercury and Venus are the planets that can create visible transit events from Earth.

Eclipses have fascinated humans for centuries and hold cultural significance across many societies. They have also played a crucial role in scientific research, helping us better understand celestial bodies and their movements."
