prompt_id,prompt,top_response,top_sentiment,top_kl,top_reward,avg_sentiment
1,what is the difference between weather and climate," Weather refers to short-term atmospheric conditions in a specific location, such as temperature, humidity, precipitation, wind, cloud cover, air pressure, and visibility. It can change from minute-to-minute or hour-to-hour, day-to-day, and season-to-season.

Climate, on the other hand, refers to the long-term patterns of weather in a particular region over many years. Climate takes into account average temperature, precipitation, humidity, wind, and other atmospheric conditions in a specific location. It's a more general term that describes the overall characteristics of a place's weather.

In essence, weather is what you experience day-to-day, while climate is the broader pattern of those weather events over longer periods of time.",0.08278380334377289,0.6095238095238096,-0.5267400061800367,0.08278380334377289
2,what happens when you die," The process of what happens after death is a subject that has been explored in various cultural, religious, and philosophical contexts throughout history. From a biological perspective, upon death, the body begins to decompose due to natural processes like decay and organisms breaking down the body.

However, discussing what happens beyond physical death is a topic that goes beyond biology. Many believe in an afterlife or reincarnation, while others have no specific beliefs about it. It's important to remember that people's beliefs can greatly vary based on their cultural, religious, and personal backgrounds. If you're interested in learning more about different perspectives, I would recommend researching various world religions and philosophies.",0.13816769421100616,0.4144144144144144,-0.27624672020340824,0.06716948002576828
3,what causes high blood pressure," High blood pressure, also known as hypertension, can be caused by a variety of factors. Here are some of the most common ones:

1. Lifestyle factors: Poor diet, physical inactivity, tobacco use, and excessive alcohol consumption can all contribute to high blood pressure.

2. Obesity: Excess body weight, particularly if there's a lot of body fat around the abdomen, can increase blood pressure.

3. Age: The risk of high blood pressure increases as you get older.

4. Genetics: A family history of hypertension can make an individual more susceptible to developing the condition.

5. Chronic conditions: Certain chronic conditions like kidney disease, diabetes, and high cholesterol can increase the risk of high blood pressure.

6. Stress: Long-term stress can lead to a variety of health problems, including high blood pressure.

7. Hormonal issues: Certain hormonal imbalances or problems with the adrenal glands can cause high blood pressure.

8. Alcohol consumption: Regularly drinking large amounts of alcohol can increase your blood pressure by several points.

9. Sleep apnea: This sleep disorder causes breathing to repeatedly stop and start during sleep, increasing stress on your cardiovascular system and potentially leading to high blood pressure.

10. Certain medications: Some prescription and over-the-counter drugs, including birth control pills, decongestants, and NSAIDs (nonsteroidal anti-inflammatory drugs), can cause high blood pressure or make it worse if you already have it.",0.009219842962920666,0.7053571428571428,-0.6961372998942221,0.009082510136067867
